<component name="ProjectRunConfigurationManager">
  <configuration default="false" name="KV4" type="LATEX_RUN_CONFIGURATION" factoryName="LaTeX configuration factory">
    <texify>
      <compiler>PDFLATEX</compiler>
      <compiler-path />
      <sumatra-path />
      <pdf-viewer>BUILT-IN-PDF-VIEWER</pdf-viewer>
      <viewer-command />
      <compiler-arguments />
      <envs />
      <before-run-command />
      <main-file>$PROJECT_DIR$/Kurzversuch/Protokoll-KV4/src/KV4.tex</main-file>
      <output-path>$PROJECT_DIR$/Kurzversuch/Protokoll-KV4/out</output-path>
      <auxil-path>$PROJECT_DIR$/Kurzversuch/Protokoll-KV4/auxil</auxil-path>
      <compile-twice>false</compile-twice>
      <output-format>PDF</output-format>
      <latex-distribution>MIKTEX</latex-distribution>
      <has-been-run>true</has-been-run>
      <bib-run-config>[BibTeX.main bibliography]</bib-run-config>
      <makeindex-run-config>[]</makeindex-run-config>
    </texify>
    <method v="2" />
  </configuration>
</component>